"_time",host,clientip,"uri_path","uri_query",status
"2025-10-27T04:37:36.000+0000",WebAppServer,"10.9.0.217","/cgi-bin/hello.bat","cmd=powershell.exe+-enc+VABoAGkAcwAgAGkAcwAgAG4AbwB3ACAATQBpAG4AZQAhACAATQBVAEEASABBAEEASABBAEEA",200
"2025-10-26T21:47:59.000+0000",WebAppServer,"10.9.0.217","/cgi-bin/hello.bat","cmd=cmd.exe",200
"2025-10-26T21:48:33.000+0000",WebAppServer,"10.9.0.217","/cgi-bin/hello.bat","cmd=powershell.exe+-enc+VABoAGkAcwAgAGkAcwAgAG4AbwB3ACAATQBpAG4AZQAhACAATQBVAEEASABBAEEASABBAEEA",200
"2025-10-27T04:39:10.000+0000",WebAppServer,"10.9.0.217","/cgi-bin/hello.bat","cmd=powershell.exe+-enc+VABoAGkAcwAgAGkAcwAgAG4AbwB3ACAATQBpAG4AZQAhACAATQBVAEEASABBAEEASABBAEEA",200
